gene_id,baseMean,log2FoldChange,lfcSE,stat,pvalue,padj
ENSG00000152583.13,991.469109180389,4.02180567598096,0.181702966866977,21.8996396361997,2.61843258345381e-106,5.02005894899764e-102
ENSG00000125148.7,3284.35981098877,2.06896490460039,0.125318489164568,16.5047022109791,3.39403186266153e-61,3.25351894354734e-57
ENSG00000148175.13,13110.8761079161,1.3969565770869,0.0863253676564486,16.1819848246975,6.75802732987088e-59,4.31882999894282e-55
ENSG00000134686.21,2792.32602185612,1.35561335383262,0.0874968448520385,15.4911387987312,3.98174557155806e-54,1.90845065244778e-50
ENSG00000179094.16,742.901852072956,2.76646469814381,0.183269178317874,15.049011253537,3.50432673300836e-51,1.34369904250473e-47
ENSG00000120129.6,3237.59075042787,2.61620555079214,0.17540458442816,14.9128758916729,2.71789465483426e-50,8.68457938708042e-47
ENSG00000189221.11,2317.18428017454,2.82957697502067,0.191802557116556,14.7509138391287,3.03526718948172e-49,8.31316322239195e-46
ENSG00000178695.6,2578.93294438243,-2.27148145694472,0.161057579493621,-14.0956332822455,4.04007287720492e-45,9.68203465022159e-42
ENSG00000196517.13,218.748446798289,-2.09262188180214,0.148754249987357,-13.9523453884234,3.04427142342826e-44,6.48497463666296e-41
ENSG00000101347.11,13147.9657894131,3.04424987824937,0.222787927854649,13.734887647719,6.27533415315052e-43,1.20310706384202e-39
ENSG00000096060.15,2519.78288951964,3.04347482292752,0.227949671944263,13.4182071763691,4.73018369155037e-41,8.24428015767306e-38
ENSG00000162614.19,5429.84892765088,1.88902378693589,0.142422245426857,13.262433572394,3.82285706725108e-40,6.10765130777814e-37
ENSG00000162616.9,1459.28536055904,1.44676979534603,0.116452860005662,12.419946729547,2.03697082832438e-35,3.0040619015873e-32
ENSG00000166741.9,7248.94815688044,1.95552477028841,0.160150973605743,12.2106621928014,2.72660897415969e-34,3.73389623232783e-31
ENSG00000183044.12,504.703563742238,1.12970744420959,0.0927700238232989,12.1705649560078,4.4598492643034e-34,5.70028200634831e-31
ENSG00000164125.16,5866.88994151163,1.08822192729207,0.0909700551023042,11.9620047130444,5.61888050906532e-33,6.73282356998752e-30
ENSG00000144369.14,1271.99792096038,-1.29708879754651,0.110013866053612,-11.7858723445695,4.61615783573452e-32,5.20593988392366e-29
ENSG00000198624.13,2017.63684868377,2.38874294171402,0.207552177530195,11.5194101880901,1.0532950892644e-30,1.12187630285428e-27
ENSG00000108821.14,94191.5783839901,-1.24977208094413,0.109084803595344,-11.4568800659163,2.17198620677828e-30,2.1916483977028e-27
ENSG00000135821.19,19182.0560672256,2.42281446199626,0.216135552474339,11.2372939378672,2.67455396787883e-29,2.44174041296062e-26
ENSG00000162692.12,502.587283061297,-2.6566504111211,0.23984832574719,-11.0899614972479,1.40348159235255e-28,1.16989343863405e-25
ENSG00000276600.5,300.331151262923,-1.69206175592959,0.152091508111053,-11.0905976221824,1.3935364656272e-28,1.16989343863405e-25
ENSG00000256235.3,1089.73130884019,1.2185571555338,0.110456926451742,11.0286236605075,2.78088208411671e-28,2.2214613048619e-25
ENSG00000163884.4,534.742855574995,2.80935887238424,0.263345237899711,10.9983646488615,3.89124645822221e-28,2.98411908388145e-25
ENSG00000139132.16,1205.0107443283,1.9743142544829,0.181881657131792,10.8508450959685,1.97589907299094e-27,1.40303470471787e-24
ENSG00000109906.15,1139.04538908094,2.01936653744065,0.271974106550328,10.8380279874066,2.27318163885366e-27,1.55647994214652e-24
ENSG00000165995.24,548.469636533845,2.48421318841005,0.231145139296655,10.7610969417524,5.25409840638184e-27,3.47350257403975e-24
ENSG00000114098.18,989.005100230142,1.28486729568887,0.120070304545183,10.6974431134528,1.04625416178044e-26,6.68626159655154e-24
ENSG00000181467.5,605.217768963675,-1.22101135532216,0.114352652087157,-10.669450138128,1.41461014349697e-26,8.74867924874968e-24
ENSG00000077684.16,1600.41374338688,1.17400561777357,0.110109995088014,10.6605629234912,1.55652447834051e-26,9.32552728085756e-24
ENSG00000187193.9,92.5794114476047,2.39860937023864,0.220408082013684,10.6412140608227,1.91616148487136e-26,1.11323175721072e-23
ENSG00000116285.13,3153.36384443098,2.08114762224867,0.195776298718434,10.6347077830183,2.05471825531257e-26,1.14541969086421e-23
ENSG00000157150.5,175.026343450782,2.35714675895297,0.219665420584148,10.6330735291019,2.09105409869849e-26,1.14541969086421e-23
ENSG00000163697.18,2300.13130033144,1.03961620224457,0.0978022123537537,10.6289258695875,2.18615783499423e-26,1.16425050034748e-23
ENSG00000164647.9,1804.50019534302,1.45800992875675,0.13733632003231,10.6143562020758,2.55549964549223e-26,1.32416322171289e-23
ENSG00000119138.5,1648.5118172439,1.86597593819617,0.178138714008975,10.47287383256,1.15094809651335e-25,5.8068360279879e-23
ENSG00000145777.15,152.166037445766,-2.26815066253402,0.215025972725994,-10.4267386082781,1.87203812004415e-25,9.11527353819136e-23
ENSG00000185950.9,1961.97102698701,1.88947947525087,0.181230743747196,10.4252398597799,1.9017887624017e-25,9.11527353819136e-23
ENSG00000103196.12,2946.29997460725,2.2066771544218,0.212022429350975,10.421447264001,1.9791824845726e-25,9.25485038883556e-23
ENSG00000141401.12,559.343152841341,1.97929423883324,0.19095779598476,10.3522307751359,4.08846713480278e-25,1.86628790258188e-22
ENSG00000183160.9,2841.01090441445,-1.12802991614362,0.110500695702316,-10.2069703360978,1.84537010008884e-24,8.22777571137283e-22
ENSG00000139289.15,2304.50219332653,-1.02156862307848,0.100455119059201,-10.1679534541229,2.75639114201239e-24,1.20103479487867e-21
ENSG00000172986.13,726.485329137955,-1.45540520516039,0.143190380619728,-10.1572272791387,3.07702718668589e-24,1.31095033829204e-21
ENSG00000163491.18,195.900672683911,-2.00088756320887,0.195931092395083,-10.1524222783056,3.23239156559914e-24,1.34720458903623e-21
ENSG00000177666.17,2034.69831145521,1.03998459911317,0.104305138643225,9.96957131986612,2.07120848636948e-23,8.4487678937608e-21
ENSG00000211445.13,12102.3578403776,2.50527716356175,0.256157328461701,9.96734730274287,2.11810346548974e-23,8.46005825841029e-21
ENSG00000158246.8,65.6033311184852,1.96366336146951,0.197548373434264,9.73495146095247,2.13919799735715e-22,8.20254080106628e-20
ENSG00000131389.18,723.874361644256,-1.82300724678754,0.188999980054473,-9.6369791950524,5.58060362360562e-22,2.09786926807386e-19
ENSG00000133142.19,2953.53063345998,1.42047488912818,0.148279964487648,9.57886825931119,9.81141176647013e-22,3.61739204589933e-19
ENSG00000134253.10,134.343976791849,-1.73088578565301,0.180471373142174,-9.52415863640998,1.66384210746071e-21,6.0187133743843e-19
ENSG00000164484.12,797.597557931601,-1.14844633488403,0.12068506315914,-9.51163475728724,1.87689477787017e-21,6.66367160765314e-19
ENSG00000157514.18,2150.80588695551,2.34384326923535,0.249443964400874,9.49436683166976,2.21553682038663e-21,7.72295853099134e-19
ENSG00000146006.8,50.0975068069652,-2.64923372995677,0.255802114778683,-9.44570155260793,3.53031385397247e-21,1.18742416155018e-18
ENSG00000173838.12,47.4935927217609,2.58863836775253,0.255282392759829,9.42270827748433,4.39600138167898e-21,1.45310583602671e-18
ENSG00000250978.5,54.5994843464459,3.2844196497878,0.262222092580181,9.40076256742813,5.41690385592084e-21,1.76021831738499e-18
ENSG00000161647.19,156.604680991747,1.4298286654357,0.152026246452599,9.37273750564217,7.06752284014882e-21,2.25830913152222e-18
ENSG00000163110.15,1293.56673042487,1.45304484609408,0.157156134842713,9.24371803009207,2.38077412443229e-20,7.24511135136759e-18
ENSG00000110756.18,988.677340764131,1.45164851759688,0.157591849321006,9.2080063541944,3.32238033805439e-20,9.65101149108771e-18
ENSG00000154734.16,29217.8521494691,1.90167548392663,0.207662999806874,9.16726022089902,4.85193491774537e-20,1.38837755586589e-17
ENSG00000124766.7,1211.76157239206,-1.93189452648021,0.211816026336855,-9.12158151497193,7.40359174274945e-20,2.08737736605871e-17
ENSG00000106976.22,1007.31836464847,-1.5598260351732,0.171646651766818,-9.08280142355378,1.05815557086454e-19,2.94013892820508e-17
ENSG00000169738.8,608.413389568583,1.80672100480192,0.199036494395568,9.07241148551268,1.16411538411164e-19,3.18834573488406e-17
ENSG00000196975.16,4850.37620273777,1.1255343714715,0.124417488362679,9.04613435617713,1.48119176514898e-19,3.99963500301918e-17
ENSG00000157214.14,2947.972646473,1.71283528029831,0.189969795312214,9.01840303811891,1.90851021906148e-19,5.0819385999787e-17
ENSG00000112837.17,2686.83663079127,-1.58375838128078,0.176645545671632,-8.96464483738361,3.11282405446137e-19,8.06473821245045e-17
ENSG00000118689.15,3612.46270942327,1.20838027561535,0.135332700617452,8.92851013021499,4.3178437053858e-19,1.10375599359542e-16
ENSG00000151726.16,1426.4827287701,1.44911215876075,0.162911452862701,8.89349348359148,5.92171365519677e-19,1.47442979477185e-16
ENSG00000227051.7,4494.04094422236,-1.08294402498805,0.121989896628661,-8.87682152353268,6.87980613083355e-19,1.6910210659018e-16
ENSG00000185432.12,2710.38160283297,1.89579330007564,0.213905977006958,8.87255108840705,7.14890307730842e-19,1.73492113668553e-16
ENSG00000112773.16,500.196743105405,-1.11420175625921,0.12550739640842,-8.87016462169068,7.30378494265249e-19,1.75035206150667e-16
ENSG00000108830.11,200.120205067973,-1.89980202385332,0.213469428095828,-8.85158884266162,8.62820495629838e-19,2.04222154842164e-16
ENSG00000174306.22,3240.21293750387,1.08643513129089,0.123188467420667,8.81884778739761,1.15643515417294e-18,2.70380180192728e-16
ENSG00000179593.16,65.4411577063063,3.3715388389975,0.269832598539647,8.8052998233656,1.30503251560925e-18,3.01446787822416e-16
ENSG00000146592.17,651.900352449769,-1.70834878759619,0.194214816115544,-8.78826883170316,1.51882177238953e-18,3.46652988336335e-16
ENSG00000181061.14,1220.25824108606,1.21458949193984,0.139187575065993,8.72457645146724,2.67178738220536e-18,5.95622182460944e-16
ENSG00000137672.13,627.773175633966,1.67350104381492,0.191680624828714,8.72549452357631,2.65019929835006e-18,5.95622182460944e-16
ENSG00000128311.14,298.606339916774,1.20585157799991,0.138494164631344,8.69870168285798,3.35702747257367e-18,7.39780812691751e-16
ENSG00000099860.9,341.721953366369,1.31406078407661,0.151825562318199,8.64477798404511,5.39100153765466e-18,1.1745031986354e-15
ENSG00000150907.10,476.258874058411,1.87848462210796,0.219927847929777,8.54202638360776,1.31888306214209e-17,2.84108158060541e-15
ENSG00000177283.8,119.677824406752,1.94632347373953,0.226253582437357,8.53541518450572,1.39653021749291e-17,2.97491970330823e-15
ENSG00000103485.19,818.678332917984,-1.1408418628358,0.134683640141091,-8.46726755530119,2.51216584928956e-17,5.292664138745e-15
ENSG00000072958.9,2095.10370275895,1.0317365499609,0.121898627374047,8.46308785275937,2.60389405903955e-17,5.42628879346806e-15
ENSG00000132970.14,714.364447418092,1.01919108816819,0.120616120948911,8.44748995073291,2.9763247391583e-17,6.07043594671733e-15
ENSG00000221869.5,1798.26707851403,1.34669631184428,0.160560172693697,8.38622410155711,5.0200594072608e-17,1.00254769745838e-14
ENSG00000143320.9,1444.11497014037,-1.47474495558884,0.17648126014653,-8.35462488525277,6.56409693372535e-17,1.29739037539569e-14
ENSG00000134243.12,5383.29326566274,1.80072889800365,0.215901947082182,8.35076835866128,6.78203138720739e-17,1.32678679342388e-14
ENSG00000170214.5,219.516332975835,2.18126236304573,0.268271309158571,8.3234185522394,8.54620070700389e-17,1.65502787833009e-14
ENSG00000103064.15,698.634380394227,1.34349369271535,0.161514173207688,8.3144581139931,9.2172449231769e-17,1.76713019667148e-14
ENSG00000167549.19,1867.60003915999,1.85431819155283,0.223834683116451,8.29784488057176,1.06016976915903e-16,1.99270341316833e-14
ENSG00000253368.4,991.212970452125,1.65642158790425,0.199765415799192,8.29236786110365,1.11015967474985e-16,2.06640594993244e-14
ENSG00000163513.20,13046.9577586921,1.32182884516903,0.159621518448962,8.28137215472187,1.21764008793595e-16,2.24467266979885e-14
ENSG00000145685.14,1973.55873398668,-1.15178438064234,0.139889216890465,-8.23225149947698,1.8372700707575e-16,3.32303224495875e-14
ENSG00000233117.4,89.5292044029388,2.15315641908979,0.26057781593198,8.22978401752281,1.87551299580864e-16,3.32474486240031e-14
ENSG00000169715.15,441.241642811951,1.74268298212201,0.211638403014542,8.22886242283782,1.889996964194e-16,3.32474486240031e-14
ENSG00000099337.5,871.883143331317,2.01651951304397,0.249587472061508,8.13435536297003,4.14136085300762e-16,7.08912234588054e-14
ENSG00000162426.16,162.269218997333,1.20929063507959,0.148769911041678,8.11166860669799,4.99293176849565e-16,8.47119361642466e-14
ENSG00000130066.17,3735.50150074458,1.2084355964191,0.149330754231869,8.09199323798626,5.86961692108033e-16,9.87125400096071e-14
ENSG00000100784.12,105.113622389105,-1.8064290263667,0.222125666781714,-8.06451283951273,7.35284784853906e-16,1.22581564306253e-13
ENSG00000231246.3,57.7741726652515,2.08127721813313,0.25479007125696,8.02142286507099,1.04527212107701e-15,1.72758250907658e-13
ENSG00000179820.16,4325.02956804888,1.33690098616895,0.166789803610215,8.01564837100185,1.09557523085366e-15,1.79524515606208e-13
ENSG00000020577.14,2996.3051119424,1.11720314597171,0.139458465253598,8.01063259451964,1.14119902330844e-15,1.8541582775313e-13
ENSG00000105516.11,82.4962617263662,-1.45511648253824,0.181142930216934,-7.96469814020233,1.65627590860812e-15,2.64094658832378e-13
ENSG00000246430.9,2717.98617931948,1.63547233719557,0.205897895751125,7.9473005109536,1.90619616526798e-15,2.99554040004243e-13
ENSG00000138316.11,760.209451391228,-1.84068016267087,0.232080563955622,-7.93941756056919,2.03132847818918e-15,3.16623004746691e-13
ENSG00000013293.6,253.604795669919,-1.9883756732015,0.251438744712773,-7.93759771384148,2.06134638597021e-15,3.18710749288878e-13
ENSG00000157152.17,46.5551476305273,2.15443281639845,0.264194406025082,7.92463538528365,2.28816731834977e-15,3.49215048035956e-13
ENSG00000146250.7,306.28495696357,-1.94578991204648,0.246208672152944,-7.9242610224751,2.29507073088517e-15,3.49215048035956e-13
ENSG00000157510.14,494.023305471488,1.4674284258753,0.186092486754134,7.87977108035955,3.27981405224669e-15,4.91254648513075e-13
ENSG00000149218.5,1988.75103089608,1.62695473140381,0.20715151200112,7.85774024622587,3.91125336265452e-15,5.81291081153584e-13
ENSG00000049246.15,205.205300089433,-1.7660738833452,0.224658221102156,-7.84770803298574,4.23709205965756e-15,6.20103274563013e-13
ENSG00000127824.15,219.676772743427,-1.37825538509089,0.175410451110293,-7.83409012732653,4.72249951192684e-15,6.8590727759592e-13
ENSG00000176771.18,106.207852989736,-1.75747905590055,0.224321098552808,-7.77390472418547,7.61029886139745e-15,1.08884066993069e-12
ENSG00000115419.14,3953.27468517784,1.10058412789321,0.14279829937657,7.70708999892371,1.2871902951448e-14,1.81455973077324e-12
ENSG00000164105.4,460.337686694188,1.13337895470532,0.147069428921532,7.70291850412895,1.32993184218917e-14,1.86112797652926e-12
ENSG00000198431.18,22380.0108242689,1.36546013735524,0.177882116165871,7.67734390924734,1.62420966226549e-14,2.25647446702565e-12
ENSG00000143891.17,510.055482225416,-1.02573055416387,0.133961030066722,-7.65303700271522,1.96287400248668e-14,2.70735398386148e-12
ENSG00000177614.11,135.241923016784,-1.84673399878859,0.239971639579051,-7.64653646172366,2.06464936948628e-14,2.8273898365565e-12
ENSG00000135362.14,109.334533219182,1.34476209896319,0.176485273740471,7.58837079255171,3.23952777643233e-14,4.37381876970145e-12
ENSG00000169744.13,673.279242869062,-1.19847263361253,0.158257670037071,-7.5685848301795,3.77311899627406e-14,5.05861799975988e-12
ENSG00000136999.5,405.973610243189,-1.83604138369463,0.244355145796982,-7.53698336507575,4.80967655188514e-14,6.35938750708565e-12
ENSG00000183508.5,88.9328786915572,-1.81592998360334,0.240969841608272,-7.44679058958357,9.56382432195721e-14,1.25587424589427e-11
ENSG00000128342.5,153.738856682965,-1.81334383887776,0.243843367825803,-7.40247176418931,1.33672623268582e-13,1.73160238736841e-11
ENSG00000102804.16,4811.56783486295,1.09764532636507,0.148853111203668,7.37386743648897,1.65748006049888e-13,2.13269850469023e-11
ENSG00000197301.7,218.957866547729,1.76664201864639,0.239770761721767,7.37257237253426,1.67366680691927e-13,2.13916933481709e-11
ENSG00000143786.8,80.5780284179184,-1.3911272867971,0.187389784663187,-7.36443591806619,1.77897484034528e-13,2.25870898272183e-11
ENSG00000182010.11,118.225283761442,-1.54734748932971,0.209915532731912,-7.32743661085596,2.34596570082082e-13,2.95900358000899e-11
ENSG00000074590.14,398.045084597692,1.25015546930426,0.171133063612452,7.29988586205119,2.88011943902118e-13,3.58556168083857e-11
ENSG00000277443.3,5174.12374016169,-1.08500069225158,0.1500492188782,-7.23067745876372,4.80590537835521e-13,5.94443986540813e-11
ENSG00000185813.11,456.78403925094,1.04371792970545,0.14468847437494,7.21083903870626,5.56081567248472e-13,6.83409987646647e-11
ENSG00000119714.11,58.9514635412972,-1.92455371151723,0.264387449911745,-7.19421988067865,6.28188918700417e-13,7.62255566412937e-11
ENSG00000177674.16,715.693587378424,1.01626759181523,0.141551853960341,7.17798195785311,7.07478937094898e-13,8.53068313332288e-11
ENSG00000163378.14,1769.16475195143,1.1532605112676,0.160686810501307,7.17636661747894,7.15884263239252e-13,8.57808318426434e-11
ENSG00000126861.5,307.226514836066,-1.44015081829322,0.200822498334254,-7.16278816939129,7.90524577998205e-13,9.29812098735066e-11
ENSG00000108960.9,1678.34002000664,1.39751541500977,0.195113029213889,7.16331558909884,7.87487743784869e-13,9.29812098735066e-11
ENSG00000181826.10,363.291800707576,1.05167643635596,0.146866264859962,7.15734730067593,8.22531286373572e-13,9.61559135509398e-11
ENSG00000100242.16,2967.6813464957,1.54214362441152,0.21634512424285,7.13446214055507,9.71663541346895e-13,1.12221285630739e-10
ENSG00000119139.21,160.187207134784,1.47146531828934,0.206056384412715,7.12502782658784,1.0405966273733e-12,1.19462985269466e-10
ENSG00000147119.4,410.689375285466,1.33366656925152,0.187325897160995,7.11368633425658,1.1298376927373e-12,1.28936001459283e-10
ENSG00000003402.21,2654.40915546987,1.08221109003996,0.152237338899644,7.10830426270753,1.17477354039822e-12,1.33270759269318e-10
ENSG00000122966.18,292.00725538393,-1.37385740458922,0.19326083159915,-7.09945411720255,1.25250618583983e-12,1.41253227028949e-10
ENSG00000067082.15,3158.70327586352,1.02539296064647,0.145155615369679,7.0638698255643,1.61928448071985e-12,1.81549251838368e-10
ENSG00000140807.7,260.637711717616,1.7368474663129,0.247221648034573,7.04348920494695,1.87484532685356e-12,2.04230310263843e-10
ENSG00000205208.5,569.740731240158,-1.23201327187295,0.174893567758163,-7.04048964626051,1.91565444813013e-12,2.07496763161304e-10
ENSG00000140545.16,9260.50275136348,1.03626578882507,0.147301487539389,7.03500528224023,1.99253454585995e-12,2.14611642209141e-10
ENSG00000196569.14,16255.8253229363,1.6057750443315,0.228713988470761,7.03406910921829,2.00595687652774e-12,2.14850308585419e-10
ENSG00000125848.10,176.893820660889,-1.71808190472006,0.244258358375315,-7.01558379053869,2.2899078329993e-12,2.3990225668996e-10
ENSG00000012048.26,217.793985063932,-1.10440729374103,0.157435291962292,-7.0043414931798,2.4815017960898e-12,2.58561698014313e-10
ENSG00000196932.12,71.475431812616,-1.60716742430922,0.228286138506997,-6.96024746526662,3.39675537379592e-12,3.4275049487587e-10
ENSG00000134294.14,20122.2383619033,1.12050517477967,0.161252065535698,6.9490864798788,3.67659131331762e-12,3.69045071512699e-10
ENSG00000148120.19,669.951012925597,1.01701358394234,0.146938495970579,6.91946424967578,4.53354874526762e-12,4.50348168623165e-10
ENSG00000215386.15,223.664008087716,-1.30187446993712,0.187889580040219,-6.9182508350707,4.5725415122081e-12,4.51880236453885e-10
ENSG00000107562.18,27339.2255849061,-1.52865060264706,0.221652522940615,-6.90516786172742,5.01440981859076e-12,4.88001345390975e-10
ENSG00000124151.19,1546.86627363851,1.23917420816953,0.179576062644499,6.90033820037577,5.18788798473122e-12,4.99809992177221e-10
ENSG00000233929.1,23.4925400963967,1.988822950589,0.271198061906563,6.86280502495199,6.75213580576824e-12,6.47259738340944e-10
ENSG00000108604.18,2144.72213223693,1.14620182950242,0.167091443007189,6.85954131882403,6.90819961608392e-12,6.58925388256522e-10
ENSG00000071282.12,3928.54446034586,1.36433946664764,0.199118965670073,6.85398664833922,7.18197879332347e-12,6.81648007057414e-10
ENSG00000146373.17,809.455684079221,1.01499091698643,0.148109823083057,6.8515677643891,7.30449820795051e-12,6.89861279028705e-10
ENSG00000145244.12,164.725313782054,1.54812875167351,0.225678300837289,6.84763320712765,7.50817702691371e-12,7.02179365658486e-10
ENSG00000136478.9,3648.09323685874,1.29046699912394,0.188474921978821,6.84789205568591,7.49460797971055e-12,7.02179365658486e-10
ENSG00000172403.11,8966.87619390465,1.43006762575118,0.209162365080192,6.84120530598607,7.85296142141408e-12,7.3085910859879e-10
ENSG00000089041.17,98.0651306921621,-1.52283977351163,0.222006383995304,-6.80947510147443,9.79554838672896e-12,9.0288583495369e-10
ENSG00000185022.12,573.114736783773,1.13538898657254,0.166789134925615,6.80463169292364,1.01308078733302e-11,9.24894516892795e-10
ENSG00000078053.17,351.293047297752,1.05202105835792,0.154581449183374,6.80096348712144,1.03921761105137e-11,9.39805662220609e-10
ENSG00000167641.11,157.592191433022,1.77320847334398,0.262446980442428,6.80139280360007,1.03612482593913e-11,9.39805662220609e-10
ENSG00000214814.7,246.348947435489,-1.79762310063163,0.270253184791621,-6.79858014400135,1.05655232676512e-11,9.50996300879857e-10
ENSG00000162643.13,87.8564487584299,-1.33306269502265,0.19543736480624,-6.77608294186884,1.2347780926532e-11,1.10594088925301e-09
ENSG00000163661.4,9262.03306223557,1.63318023122226,0.241926190171109,6.77483750228342,1.24546164623333e-11,1.10594088925301e-09
ENSG00000137801.11,89622.5945498813,1.53417126556386,0.226814529598722,6.77477495290862,1.24600058459551e-11,1.10594088925301e-09
ENSG00000171793.17,696.762984804628,1.31017838681205,0.194365241087817,6.73981109947576,1.58592680997535e-11,1.39474260554346e-09
ENSG00000148848.15,1327.69634235817,-1.47085739817715,0.219235243113801,-6.71295151663681,1.90726501066772e-11,1.6620947629328e-09
ENSG00000174437.18,10375.073784986,1.21345373905235,0.180843038368879,6.71074135010947,1.93638078869803e-11,1.6798322389556e-09
ENSG00000126016.17,373.794453864143,-1.64532213381354,0.245889618011925,-6.70484200541315,2.01624398668111e-11,1.74123557264191e-09
ENSG00000205978.6,1555.7322650656,-1.05643934621937,0.157633316386759,-6.70089629589178,2.07145014618311e-11,1.78088978487097e-09
ENSG00000141298.19,2039.75343106952,1.09812736189957,0.164693558907086,6.6673643315672,2.60438016391115e-11,2.21916340011131e-09
ENSG00000009413.17,7732.60060328712,1.02921692979887,0.154582698793419,6.65813813005188,2.77318091183579e-11,2.34217728818131e-09
ENSG00000226950.8,207.60613674804,1.04330696756219,0.157183045285706,6.63115633632094,3.33067234682792e-11,2.7884563420692e-09
ENSG00000119508.18,208.133139910085,1.57002470017314,0.237474604220605,6.61034942499965,3.83413929271087e-11,3.16845338447642e-09
ENSG00000084090.14,3541.17738048346,1.13256957069553,0.171453044011479,6.60588516624749,3.95149108463603e-11,3.25141575427648e-09
ENSG00000138074.15,428.595443774995,1.07461145902282,0.163660953676111,6.56248626274387,5.29179170396639e-11,4.31720129993377e-09
ENSG00000143878.10,3029.28230104696,1.06966697943863,0.163145611523584,6.55639474765646,5.51241939156697e-11,4.47814002436958e-09
ENSG00000120162.10,58.0455796865449,1.74069990123922,0.265390074137115,6.5518050277738,5.68457311552866e-11,4.59850783843525e-09
ENSG00000131242.18,29.8808290647149,-1.60989509732116,0.238293045287173,-6.54539246203518,5.93393448653786e-11,4.76468233329365e-09
ENSG00000165272.16,135.112004829355,-1.73684255218891,0.268723791689083,-6.54052198062197,6.13044858568603e-11,4.89720667853219e-09
ENSG00000068831.19,91.3161783468572,1.51751926370516,0.232031621469496,6.51074943229027,7.47767878039839e-11,5.94863309451443e-09
ENSG00000114670.14,180.167927449799,-1.12354883985143,0.173232774380383,-6.47246240038744,9.64185188901009e-11,7.58570644451198e-09
ENSG00000168994.14,1344.93274297378,1.19676267984588,0.184903434416155,6.47226832876462,9.65424771782247e-11,7.58570644451198e-09
ENSG00000152495.11,67.9307399298809,-1.16560623321608,0.179106808309936,-6.46379592510164,1.02108557378676e-10,7.95782626855274e-09
ENSG00000130513.7,403.692768789907,-1.46418352069022,0.226989509438553,-6.44760614488159,1.13630588320667e-10,8.7843775777574e-09
ENSG00000175130.7,597.064473460711,-1.03792412710279,0.160933172866753,-6.44610491693482,1.14761233674627e-10,8.83615410445764e-09
ENSG00000143494.16,18.6601535456843,-1.92985550567377,0.27096572849604,-6.42805802955554,1.29244405734174e-10,9.87200695910593e-09
ENSG00000114270.18,1490.50700707877,1.09326385240899,0.170131161844003,6.42547767589407,1.31456057444655e-10,1.00010933862259e-08
ENSG00000196850.6,479.963887687631,1.05012608501276,0.163595290812159,6.4168669027433,1.39107438014293e-10,1.04998732346852e-08
ENSG00000132622.11,62.6427914035973,-1.60490276223505,0.249038476778482,-6.39304412450352,1.62615309770724e-10,1.21783621832981e-08
ENSG00000170989.10,237.84503837623,-1.2514744989763,0.195858037199132,-6.37656936413244,1.81098748098981e-10,1.35098256753061e-08
ENSG00000107968.10,525.480009302144,1.02362184310173,0.160673612382706,6.36909359774334,1.90148549610375e-10,1.41299534617446e-08
ENSG00000243244.7,1034.43751759706,1.22826156461694,0.19297759069491,6.36500059888592,1.95288973916447e-10,1.43451348962687e-08
ENSG00000013297.12,2580.3755066969,-1.37633393259834,0.216615235554018,-6.35849509445759,2.03739890518901e-10,1.49087831336961e-08
ENSG00000146122.17,2085.2548512423,1.34496026436364,0.21176099422789,6.35434538550964,2.09316058628621e-10,1.52585835590415e-08
ENSG00000083223.18,1474.33299597543,1.02312991495229,0.161065044999797,6.35184972105502,2.1274110649328e-10,1.54148645632708e-08
ENSG00000137266.15,145.990308155174,-1.24169335403492,0.195138461068289,-6.34624600720162,2.20632329207624e-10,1.57325962867177e-08
ENSG00000152779.14,46.4877598429451,1.64564918138834,0.27420848918979,6.33178205524153,2.42345652555415e-10,1.72083364844163e-08
ENSG00000168398.7,5180.11424361463,-1.49860789833623,0.237269943937225,-6.33041498708987,2.44502702877332e-10,1.72974384485764e-08
ENSG00000102554.14,146.383784053474,1.64732698245872,0.262314943542792,6.31868538674424,2.637977049641e-10,1.83910167257154e-08
ENSG00000116711.10,109.825284499781,-1.63320393608796,0.259293943291146,-6.31645340400863,2.67634093114512e-10,1.85908725840269e-08
ENSG00000136436.15,3095.46481466738,1.04262520234708,0.165231393493395,6.31011526121873,2.78827733367467e-10,1.92985029029642e-08
ENSG00000128165.9,54.8806413407604,-1.66545060743893,0.262865441956464,-6.30858791753216,2.81592758131515e-10,1.94197710751705e-08
ENSG00000155962.13,396.989256849151,-1.09944510416133,0.174846569473868,-6.28556416017454,3.2666521505536e-10,2.24474032367074e-08
ENSG00000167645.17,570.294788424261,1.02996294885753,0.164362779670866,6.26430107893766,3.74501281425327e-10,2.54607750620084e-08
ENSG00000154930.15,650.88803711903,1.45074417204641,0.231973659421435,6.26194644946662,3.80201514419596e-10,2.57569732666166e-08
ENSG00000267339.8,66.1169114264475,-1.68510414718841,0.273272066513357,-6.2579032820556,3.90187665381258e-10,2.62742659723553e-08
ENSG00000106617.16,1029.06138769556,1.30426850548537,0.209702503281342,6.22101222469848,4.9395767171869e-10,3.2768707550833e-08
ENSG00000119711.13,582.502318115715,1.0941907660782,0.175980691650291,6.21635433603435,5.08838295328223e-10,3.363947516563e-08
ENSG00000164442.11,7243.1466162956,1.32193580219535,0.213340532452096,6.20024970934264,5.63736451335174e-10,3.7013545359582e-08
ENSG00000164104.12,1049.92164099186,1.09934012434205,0.177423294496313,6.1954933372157,5.81027505389028e-10,3.8018632536923e-08
ENSG00000196616.15,39287.8110317765,1.07194239715371,0.173429294910494,6.18134633203116,6.35572088694246e-10,4.14462179743064e-08
ENSG00000008311.16,1237.81802936071,1.000249918586,0.161969205202201,6.17516837671177,6.60929955005638e-10,4.29537257537901e-08
ENSG00000023909.10,1900.82332542357,1.101088647642,0.178490356229864,6.16886063136575,6.87838200333616e-10,4.44014612013336e-08
ENSG00000116962.15,9168.21704866712,1.28292733024968,0.208880007209775,6.14496061821118,7.99833567867484e-10,5.1114697210518e-08
ENSG00000174680.10,26.6611109211613,1.67675691560386,0.266596021040533,6.1289862895039,8.8440746312482e-10,5.59109336286262e-08
ENSG00000102524.12,62.9284332562307,-1.36691522235318,0.221912573254699,-6.11568120495776,9.61453611383738e-10,5.97281847550877e-08
ENSG00000169750.9,70.8961425168123,1.2049136020112,0.196132901720641,6.11548218947318,9.62654344320995e-10,5.97281847550877e-08
ENSG00000075240.17,541.353592191859,-1.03535726173476,0.170156159461016,-6.08088074588771,1.19524167718383e-09,7.32114167251383e-08
ENSG00000162772.18,363.109774860336,1.46327586005838,0.241199382046064,6.07612545737349,1.23121097536312e-09,7.49357994274973e-08
ENSG00000187288.12,22.2314228068801,1.70319563003705,0.274969029910072,6.06191327386832,1.34511743666236e-09,8.13520236457123e-08
ENSG00000137393.10,156.070575207321,1.52049779719366,0.251249431795504,6.0600707435763,1.36061692883048e-09,8.1773503948395e-08
ENSG00000163251.4,51.6542987014026,1.58641210473582,0.263074734836347,6.00644903383792,1.89630547871154e-09,1.10504463944856e-07
ENSG00000127954.13,376.704432062394,1.07064506992,0.250643626010884,6.00466029111102,1.91732914445027e-09,1.11391013204244e-07
ENSG00000122035.7,921.409025154974,1.55374117841647,0.261103271404767,6.00372534116729,1.92840810414987e-09,1.11696193875412e-07
ENSG00000079691.19,1478.99041441438,1.04560021564815,0.174238995718722,6.00067845746213,1.96494759238072e-09,1.13129054778148e-07
ENSG00000140105.18,2668.46533304942,-1.14306180422088,0.191387929445092,-5.97320940797011,2.32630977694443e-09,1.32738128105889e-07
ENSG00000165507.9,17870.813626693,1.29858584823233,0.217640347121942,5.97117661148289,2.35548582805902e-09,1.34004078028331e-07
ENSG00000131979.20,83.576004880823,1.30054836319864,0.217652216870398,5.95297611379804,2.63309740077663e-09,1.4760743674763e-07
ENSG00000168556.7,394.040852586954,1.14924418869958,0.193252452893064,5.94519448199191,2.76128814888576e-09,1.54342321838011e-07
ENSG00000008256.17,3595.28035705392,1.05404443043194,0.177868046153672,5.92620172646121,3.10021712306768e-09,1.72282210676677e-07
ENSG00000206538.9,12544.1954722603,1.15045369237128,0.19423397242338,5.92428212253013,3.13664566797847e-09,1.73802805625674e-07
ENSG00000165030.4,1417.05733716403,1.02974737535364,0.173908552756411,5.92082977013128,3.20321292310691e-09,1.76979821791947e-07
ENSG00000067798.16,700.267106985243,1.49925825552644,0.257192959666977,5.86438820762975,4.50791687919805e-09,2.43452908191507e-07
ENSG00000143507.18,303.353237664585,-1.05922576966797,0.18052744722324,-5.8611176054941,4.59762198100186e-09,2.4760002421283e-07
ENSG00000261468.1,32.3783776328153,1.55265686534489,0.260686176238565,5.85966154931069,4.63811485333761e-09,2.49081058734422e-07
ENSG00000247311.3,24.8206336966481,1.60893014103396,0.26872066213827,5.85731892343652,4.7039925964763e-09,2.51211548912656e-07
ENSG00000099204.22,831.379879127513,1.18455692769813,0.202263206479712,5.85675731473552,4.71992057509877e-09,2.51361992404982e-07
ENSG00000157368.12,49.7436054076478,-1.48667086232779,0.252106031793599,-5.84236017594176,5.14663802439896e-09,2.7332782327916e-07
ENSG00000267669.2,45.2045737179139,1.37895271737808,0.234132226855942,5.83881293249902,5.25740592237902e-09,2.78439188795167e-07
ENSG00000136383.7,67.6336518908833,1.56474381310304,0.27406521962052,5.83731814989344,5.3047742453991e-09,2.80173916894743e-07
ENSG00000070404.10,1482.64153653065,1.38207160406502,0.237491682229421,5.83032959713035,5.53180028062981e-09,2.89769603771133e-07
ENSG00000111859.17,1783.40388348812,1.30641104339352,0.224578375818913,5.8219405418093,5.81682447786533e-09,3.0304391002618e-07
ENSG00000109881.17,65.4585410868037,-1.12010915595598,0.192065430037396,-5.79066908604621,7.01065808041446e-09,3.57468980632197e-07
ENSG00000145675.16,3429.22228901536,1.29031131227492,0.223357528998305,5.78207806477236,7.37834522093266e-09,3.75219189856024e-07
ENSG00000011198.10,1742.386703195,1.00782985723928,0.175248944640325,5.75069074517061,8.88795633239135e-09,4.44908351970253e-07
ENSG00000235513.2,59.737256890931,-1.38139327486575,0.23976380334244,-5.7248459975982,1.03527609946713e-08,5.11554468530509e-07
ENSG00000079462.8,64.8043383548881,-1.0313811863251,0.179305498756435,-5.7181250116686,1.07705894205763e-08,5.29471129157152e-07
ENSG00000162840.4,114.788123909842,1.49474474026537,0.263164229928736,5.71022419869785,1.12827441370884e-08,5.51818292337395e-07
ENSG00000167552.16,6420.62759758051,-1.09440458280798,0.191893734855137,-5.7038937333728,1.17101097670873e-08,5.71262657645288e-07
ENSG00000138678.11,116.129848745358,1.01646526824371,0.17868446728295,5.67850003343259,1.3588100697867e-08,6.57856228736125e-07
ENSG00000122877.18,15.0063410102567,-1.66405020205276,0.271050536557273,-5.67670503111591,1.37313948797409e-08,6.63119150212577e-07
ENSG00000134363.12,2829.32987441489,-1.33692426000702,0.236680033272534,-5.65823780621315,1.5293513153997e-08,7.33018085471078e-07
ENSG00000196155.13,230.783365603697,-1.13204721286344,0.19999711332336,-5.65256897037284,1.58067338738992e-08,7.50115598590089e-07
ENSG00000064309.16,323.389388969081,-1.28150940288994,0.227318336682474,-5.63730001076976,1.72737027719229e-08,8.13689016076919e-07
ENSG00000158716.9,143.040481756864,1.12102743779207,0.199015142989221,5.62264565450303,1.88054888980902e-08,8.83673610672024e-07
ENSG00000171132.14,386.849239579664,-1.04952697873279,0.186779701725315,-5.61486493324998,1.96715843377637e-08,9.22111527930575e-07
ENSG00000126878.13,90.671837899486,-1.50011434904228,0.272015698005438,-5.60781450321177,2.04897456534414e-08,9.53469426378105e-07
ENSG00000168481.9,19.51717109167,1.48308171837728,0.268661561792431,5.58169849344424,2.38181018143938e-08,1.08983448206577e-06
ENSG00000164070.12,582.207750786905,-1.09403487056306,0.197017336646396,-5.55037717171675,2.85053929561797e-08,1.28287651116403e-06
ENSG00000124440.16,194.145595073929,1.47227826154876,0.269814605781528,5.5363389498013,3.08859577200601e-08,1.38029273055709e-06
ENSG00000100739.11,145.262790518379,-1.35877383684123,0.245624005734069,-5.52320908909751,3.32863216990791e-08,1.47042709588651e-06
ENSG00000129467.14,106.418413496322,-1.24070364846584,0.223847781703921,-5.51918359187569,3.40578229651387e-08,1.5010496135348e-06
ENSG00000161267.12,62.602146730064,1.17527706636038,0.212053577048178,5.51132344170789,3.56145568572054e-08,1.56247662257744e-06
ENSG00000137872.17,281.316564549043,-1.11264108734435,0.202254180386753,-5.499455600275,3.80965617409091e-08,1.6562069879744e-06
ENSG00000169908.12,934.242875390312,1.01436020234645,0.18474375034145,5.49038301443818,4.01063061471689e-08,1.72403161760879e-06
ENSG00000167191.12,2249.34860348838,1.34588267877729,0.24642133281213,5.4777348644444,4.30804991206193e-08,1.84361457397436e-06
ENSG00000174697.5,112.150419129914,1.4289505009223,0.274639190923946,5.47619171699878,4.3457684973352e-08,1.855614112047e-06
ENSG00000187498.17,2229.42276096313,1.12058946376866,0.204779274775754,5.4732411960573,4.4187803290245e-08,1.87426673601898e-06
ENSG00000226121.2,398.407374208168,1.08554016457529,0.198499985843311,5.46809629292659,4.54894750349493e-08,1.92521901847693e-06
ENSG00000092969.12,155.163516349335,-1.27912470505223,0.233704204860972,-5.46460803154457,4.63930775670595e-08,1.9591367469508e-06
ENSG00000163083.6,382.38488312297,1.32278946048051,0.270467547289544,5.45033851981731,5.02740328675111e-08,2.09533425681722e-06
ENSG00000126950.8,763.044570873232,-1.26867143035097,0.233022490108156,-5.45067895807551,5.01778808581925e-08,2.09533425681722e-06
ENSG00000136237.20,95.8553965198375,1.45754935234228,0.273647621684295,5.44048637444552,5.31353039465533e-08,2.20500010230156e-06
ENSG00000177570.15,102.007070366944,-1.37126785646641,0.252849059924826,-5.42779462263428,5.70546370788019e-08,2.35743858205774e-06
ENSG00000123689.6,40.3253576418319,-1.48344843187172,0.273003381105196,-5.42191608987302,5.89635606761733e-08,2.41549013949486e-06
ENSG00000131386.20,13989.117012155,1.22138130892761,0.225648592364852,5.417810814351,6.03332063445811e-08,2.46108134476236e-06
ENSG00000168621.15,186.414996196057,1.28695230248711,0.23833007324419,5.3991236405407,6.69672117609574e-08,2.70864005038202e-06
ENSG00000075213.11,695.39542278764,-1.03789287816945,0.192641044146528,-5.38602019740703,7.20348717133312e-08,2.89528838676727e-06
ENSG00000178734.6,30.2616969429501,-1.40267549050996,0.256424746953504,-5.38563522878542,7.21892353551409e-08,2.89542263646184e-06
ENSG00000205364.4,39.5237903945199,1.44378927713321,0.266922769002607,5.38355587727156,7.30285628464379e-08,2.91688251435814e-06
ENSG00000083290.20,1489.7503982862,1.0153037248313,0.189154040929494,5.36793113836118,7.96449490517293e-08,3.14835662519537e-06
ENSG00000142871.18,5155.19891041766,1.31439341632072,0.245684988712382,5.3644978129774,8.11747433017767e-08,3.18258114229379e-06
ENSG00000095637.23,43.6254403026747,1.34915024947007,0.249912643258698,5.3646085608142,8.11249560158644e-08,3.18258114229379e-06
ENSG00000102984.15,47.8328200767429,-1.12124546826642,0.207264702589324,-5.36294246303554,8.18770926921156e-08,3.20356657365967e-06
ENSG00000163171.8,1427.46764176223,1.20006324714439,0.224393713726638,5.35177684283049,8.70947645886886e-08,3.3801231309602e-06
ENSG00000109625.19,85.9819509413969,-1.14529892478594,0.213139349829062,-5.34554389274444,9.01459487960716e-08,3.47742078534866e-06
ENSG00000147883.12,494.600946468529,-1.18500424946065,0.221739250418034,-5.34358920408068,9.11239530374733e-08,3.50808921211735e-06
ENSG00000248785.1,80.4134165013499,1.13584788758045,0.213249352381522,5.31199225415451,1.08433213572737e-07,4.10035812744874e-06
ENSG00000123610.5,314.596283588588,-1.41920933930289,0.271797164720712,-5.31095000657959,1.09055246135196e-07,4.10593735910182e-06
ENSG00000167771.6,42.5832785147324,-1.12588406658251,0.210445291128513,-5.2944814288741,1.19354617211558e-07,4.45188078050581e-06
ENSG00000111728.11,189.407156490337,-1.1788275892103,0.222590440156467,-5.29347834169515,1.20011461198741e-07,4.46768880408207e-06
ENSG00000169271.3,77.8348286188116,1.41596705364641,0.269304954743166,5.29001628788305,1.22305467737561e-07,4.54426439431108e-06
ENSG00000092621.13,1211.09178252401,-1.15517163298721,0.218833427302338,-5.28133138514641,1.28248479962377e-07,4.73753344477592e-06
ENSG00000070808.17,24.6890788799895,-1.39823298329815,0.258685808893624,-5.27801996613007,1.30587239479093e-07,4.80540989499648e-06
ENSG00000176293.20,141.485514889581,-1.01735165157686,0.192311233979555,-5.27702722063929,1.31296389427136e-07,4.82224976646945e-06
ENSG00000153207.16,964.306928210257,1.08503038692845,0.205854723472019,5.27178934156904,1.35100092801464e-07,4.93359805559935e-06
ENSG00000169218.14,590.737136670508,1.10925971038815,0.210767770064101,5.26336579318536,1.41441766545765e-07,5.1358362655595e-06
ENSG00000175538.11,120.983272905584,-1.05655514617123,0.200381181374791,-5.26215267348309,1.42378458110822e-07,5.16007523421679e-06
ENSG00000111816.8,87.4180867980474,-1.00619582883259,0.191025649578767,-5.2488511744251,1.53050655088666e-07,5.52596451856857e-06
ENSG00000166979.13,125.692358210154,1.12169778697211,0.213431646390433,5.24843593692159,1.53395964363045e-07,5.52802148264718e-06
ENSG00000097096.10,202.365293219982,1.09247514294174,0.208469785667838,5.23688570522354,1.63308752738553e-07,5.84133471549169e-06
ENSG00000259426.6,67.2142444767535,1.18306980996778,0.225120295089646,5.23324887735153,1.66556237650561e-07,5.94639886077571e-06
ENSG00000127324.9,25.5420088157216,1.23800446008156,0.263879526400027,5.21879915273079,1.80086921025899e-07,6.40561493489525e-06
ENSG00000166793.13,158.271431066075,-1.07135533713723,0.205415647614695,-5.20939188298132,1.89460570417245e-07,6.70173073070004e-06
ENSG00000105711.14,96.9256050344598,-1.03675517372721,0.198914262970141,-5.19401533870465,2.05806173243067e-07,7.17402900621104e-06
ENSG00000240498.9,61.9373644985809,-1.00514977406339,0.192512176133954,-5.19155293728053,2.08547273177386e-07,7.24712214656854e-06
ENSG00000149633.12,236.863749593821,-1.16003581432273,0.223450149389987,-5.19145318476908,2.08659056170761e-07,7.24712214656854e-06
ENSG00000241399.7,950.633942640513,1.26987148494659,0.245923175640684,5.17591959788064,2.26791114708646e-07,7.8343049571066e-06
ENSG00000154736.6,3821.58296600997,1.34847706172705,0.263361323902002,5.16195416666363,2.44385133784228e-07,8.38166687819538e-06
ENSG00000196950.14,790.142105979451,-1.02905204936565,0.199437910869822,-5.15906399660194,2.48187473076117e-07,8.48172947204155e-06
ENSG00000270885.2,144.582491044513,1.19406161849398,0.23136222450521,5.15455660153043,2.54231763150113e-07,8.65742693270687e-06
ENSG00000249364.7,17.6668672471654,1.38272340752368,0.263232213076964,5.1411733770579,2.73027959901719e-07,9.21565501273901e-06
ENSG00000084710.14,19.4476419070765,-1.44010574222191,0.272971138470544,-5.1407066543767,2.73707096691107e-07,9.22234175353587e-06
ENSG00000171877.21,90.2420471449929,-1.07603998102963,0.209472551737422,-5.12216223685464,3.0205182933459e-07,1.0088741588855e-05
ENSG00000101825.8,4583.42966987622,-1.09625110187909,0.214291887939612,-5.11792902260195,3.08908801591234e-07,1.02641239932533e-05
ENSG00000230417.12,47.5793752325216,-1.16692681264793,0.225969596182468,-5.11498434763846,3.13766973607357e-07,1.04075093737029e-05
ENSG00000287649.1,18.6143144905199,-1.44129235128494,0.274873594202499,-5.10583143038732,3.29343189576973e-07,1.09052981529702e-05
ENSG00000112936.21,1947.52181899516,1.28716029490431,0.272563857548546,5.10255143867678,3.35104622588536e-07,1.10388759867138e-05
ENSG00000173918.15,959.611344615564,1.03289348082508,0.202500219134651,5.10077304636529,3.38268990885095e-07,1.11049539267963e-05
ENSG00000213160.10,204.126292245268,1.22254410352882,0.239833494950861,5.09778864295472,3.43644190882368e-07,1.12237588204374e-05
ENSG00000138166.6,394.88083955581,1.06337113290983,0.208524773031642,5.09788375251853,3.43471624533167e-07,1.12237588204374e-05
ENSG00000176971.4,2542.41887710098,1.05891247084261,0.208089028918187,5.09016242639739,3.57756933861518e-07,1.16648230203963e-05
ENSG00000100292.18,2352.16387843507,-1.08879432762516,0.21454005210527,-5.07687973955851,3.83683546680661e-07,1.24466682858911e-05
ENSG00000254726.3,50.1190244640156,-1.30660365153734,0.257157565714187,-5.03918208187845,4.67525537530821e-07,1.48893681155164e-05
ENSG00000072571.20,38.2203082317161,1.16415861824489,0.229572803266813,5.03429652391117,4.79606798083054e-07,1.5223545584186e-05
ENSG00000181634.8,26.2394268827912,-1.38695742341248,0.272634844105943,-5.02798880122917,4.9565081447885e-07,1.57068056449397e-05
ENSG00000166592.13,98.6564169881893,-1.16597559946873,0.23177664918997,-5.02410296148757,5.05790986663111e-07,1.59753291537153e-05
ENSG00000178723.7,13.9544766029809,1.42163126601105,0.274944442229635,5.01837681160682,5.21098911650233e-07,1.63243600231344e-05
ENSG00000162878.13,1515.50743020813,1.16897913210793,0.234374480269352,4.99338192803576,5.93310634326787e-07,1.83171521438215e-05
ENSG00000143127.13,267.943990809627,1.12471131812853,0.262459095385528,4.99119107354489,6.00080988380212e-07,1.8466697767617e-05
ENSG00000171617.16,775.390735582791,-1.02267963268807,0.206260215244506,-4.95673037990786,7.16893507740944e-07,2.16445391030069e-05
ENSG00000137959.17,101.251467877781,1.229527309145,0.248247630506054,4.94750764896945,7.51697510356494e-07,2.26240889616243e-05
ENSG00000167992.14,237.589784817249,-1.13838163806577,0.23013907070604,-4.94430920743154,7.64143367247656e-07,2.29266927024602e-05
ENSG00000135678.12,838.690544334666,1.13429532848803,0.230807638686312,4.91798647339867,8.74389529252412e-07,2.60307392155702e-05
ENSG00000128045.7,10.2782697483626,1.46386831041375,0.271459349153247,4.89596217708485,9.78258821225494e-07,2.88097974201769e-05
ENSG00000116194.13,233.321108680683,1.28406260909975,0.264602956662773,4.88589493692626,1.02960094416395e-06,3.00907153986451e-05
ENSG00000123358.20,175.468869052741,1.03476915960423,0.211684340042553,4.88373978337055,1.04092427513881e-06,3.03753427746747e-05
ENSG00000131459.13,990.507937430077,1.05677512176996,0.216580464842464,4.88102031936752,1.05538365837596e-06,3.07038171447405e-05
ENSG00000081052.14,202.852280628812,1.2761795915418,0.263157525504185,4.87669571431439,1.07877649900787e-06,3.1289414582419e-05
ENSG00000169031.21,43.8931169522579,1.29705711159658,0.265573665445426,4.87119988939367,1.109225492948e-06,3.21239745480347e-05
ENSG00000240859.3,49.4337258416748,1.01931252622781,0.208379127747739,4.86975991845166,1.1173392161888e-06,3.22179493245599e-05
ENSG00000103175.11,245.776720104947,1.21274631563197,0.249417401522986,4.87028013378435,1.11440142065311e-06,3.22179493245599e-05
ENSG00000229647.3,16.6546454092503,1.35906826097054,0.273693226232191,4.86915247773608,1.12077902890128e-06,3.22636269400832e-05
ENSG00000116991.12,117.285706962969,-1.29115996218784,0.27493484681161,-4.86683652753801,1.13398750952809e-06,3.25949153413383e-05
ENSG00000182580.3,401.058482928094,-1.12612744260695,0.231791392716084,-4.85918671222755,1.17868936129556e-06,3.3778523818772e-05
ENSG00000103647.13,526.975458675302,-1.03764708007963,0.213843897427234,-4.85267688911617,1.21806055927069e-06,3.47934341916956e-05
ENSG00000162630.6,41.9386783465498,1.29282317136309,0.274804403988979,4.82711120014364,1.38527779950787e-06,3.90566852531835e-05
ENSG00000123405.14,12.7240197771161,-1.38730006714608,0.274377481445669,-4.8242535328356,1.40528570165982e-06,3.95046003991526e-05
ENSG00000178015.5,20.6061709257626,1.32820030313589,0.274697732075023,4.81530730035231,1.46973534512004e-06,4.10754606948125e-05
ENSG00000179300.4,65.9751153049113,1.24525423496787,0.273058022681845,4.8140621470509,1.47892781630815e-06,4.12722039217756e-05
ENSG00000116675.16,49.3481606508975,1.2823276508939,0.266284925238205,4.81026207182879,1.50732532203918e-06,4.19425850132586e-05
ENSG00000099194.6,1340.73502301452,-1.25760194221342,0.263270127659891,-4.80874204380435,1.51883047577189e-06,4.21404021439922e-05
ENSG00000246763.7,173.294680247105,-1.1282904833862,0.234506459309337,-4.80273851720525,1.5651021334264e-06,4.33614712457383e-05
ENSG00000293352.1,12.6524379910878,-1.36254353954281,0.270483945928665,-4.79001722080677,1.66767000284738e-06,4.58627575947609e-05
ENSG00000110900.16,248.604920022315,-1.12500097277482,0.235664770153029,-4.77178973991664,1.82596068562078e-06,4.97968886016455e-05
ENSG00000184307.17,100.097235355146,1.19612078755414,0.251143930355885,4.7649781049965,1.88874157895743e-06,5.12903024812631e-05
ENSG00000154263.18,147.364372400319,-1.08740962312708,0.228745068947054,-4.75131431709473,2.02098693692961e-06,5.45723402180487e-05
ENSG00000155897.10,22.1365477825966,-1.14540468818502,0.263352315865795,-4.74861149749526,2.04817960776393e-06,5.52288318425458e-05
ENSG00000188312.15,77.9472947085411,-1.03588705928493,0.219216223021349,-4.71278591175247,2.44352880170311e-06,6.54292376902961e-05
ENSG00000085117.12,2042.17430656833,1.02289367395389,0.217475176681082,4.70512357950295,2.53712221532954e-06,6.78226137604008e-05
ENSG00000138356.14,4364.1258572757,1.10701331262548,0.23574128556231,4.70133205339749,2.58469802889638e-06,6.8830177782966e-05
ENSG00000235109.8,66.2854568971013,-1.17064212002937,0.248063129900062,-4.69994123129855,2.60236370395136e-06,6.91990526104792e-05
ENSG00000102760.13,1075.1667337413,1.15039210157708,0.269124249779117,4.67872131094281,2.88669482225426e-06,7.58133056606282e-05
ENSG00000068383.19,1258.6921861262,1.07380430635467,0.230143000326688,4.66958694338323,3.01805949723673e-06,7.85104975319166e-05
ENSG00000206561.14,50.6914566927727,-1.08924369127988,0.231707093720405,-4.66353117030463,3.10829078895302e-06,8.04212564180936e-05
ENSG00000163803.13,98.804831710904,1.1315791500063,0.243076568871647,4.65278359087992,3.27483891137334e-06,8.39787844159836e-05
ENSG00000126860.12,30.645138256692,-1.1432098475046,0.242965999434597,-4.65268210477562,3.27645163484017e-06,8.39787844159836e-05
ENSG00000107611.16,39.386782589787,-1.14144667596906,0.243880485470721,-4.64611308177071,3.38247636814716e-06,8.62351554921773e-05
ENSG00000144362.12,76.2346435632508,1.09954313778862,0.236559608868553,4.63508212980214,3.56795791230007e-06,9.00064330192329e-05
ENSG00000177575.13,10.3165386618666,1.27933316317704,0.267836631397497,4.63342573412648,3.59663822030905e-06,9.0491795222789e-05
ENSG00000129048.7,807.659553765015,-1.10380498075059,0.238592971052629,-4.63018568714736,3.65337960940501e-06,9.15884892109089e-05
ENSG00000138669.10,303.51342879793,-1.15158118582094,0.249007055789347,-4.62890441422562,3.67605388319701e-06,9.2006925650983e-05
ENSG00000139269.3,11.7180967475682,-1.32959935604596,0.274294894396361,-4.62647586491266,3.7194018715295e-06,9.29704989321558e-05
ENSG00000165895.19,135.881035796113,-1.02545983783436,0.221743972732756,-4.61765257201346,3.8810531776005e-06,9.66331837934503e-05
ENSG00000125965.9,268.137007255762,-1.03791206801821,0.224910379496734,-4.61117245010255,4.00404189504962e-06,9.94371647822427e-05
ENSG00000211448.14,656.620573817306,1.12637650550046,0.244826623844987,4.60889908929907,4.04806734762436e-06,0.000100400449144443
ENSG00000267480.1,20.5656737305511,1.2655144600426,0.271622165083834,4.60659073959053,4.09324488289958e-06,0.000101389781518024
ENSG00000147576.17,104.283891077833,1.05238192526417,0.22865419655417,4.59870662238169,4.25121948866597e-06,0.00010489624200348
ENSG00000133216.17,359.961879740274,-1.17859448128408,0.257062079585051,-4.5961062515942,4.30459253939671e-06,0.000105895406382569
ENSG00000188176.12,54.7105433117462,-1.1718462063633,0.271306216593141,-4.59243244388867,4.38109353379194e-06,0.000107547151382662
ENSG00000128285.5,6.3862035245287,-1.35395813941981,0.267593681999112,-4.58754468397888,4.48489455150543e-06,0.000109255906405924
ENSG00000117461.15,157.299610753298,-1.15483072824751,0.253186200018952,-4.56717363840213,4.94344498259682e-06,0.000119364895725877
ENSG00000184156.18,15.9190930746957,1.27221762819053,0.274200521564626,4.56385270888901,5.02233208700445e-06,0.000120813238107967
ENSG00000184564.11,42.9864631156816,-1.17798576715925,0.271569449883649,-4.52962296685955,5.90890362520059e-06,0.000139342558797473
ENSG00000025708.14,166.312709683036,1.03381277560713,0.230125267331994,4.48919761447436,7.14919527331413e-06,0.000165736846166842
ENSG00000287673.1,30.1362501612352,1.10402371231947,0.244197206276379,4.4823493471034,7.38257582566545e-06,0.000170611778135339
ENSG00000135472.9,150.383735119635,-1.13836033848391,0.254200093206857,-4.47749629301721,7.55235385897493e-06,0.000173819629870411
ENSG00000100206.11,36.1410535690471,1.17684234269854,0.263203205351927,4.46386100834047,8.04957922780421e-06,0.000183708908856481
ENSG00000143869.7,274.286293625499,1.16646054482629,0.262856010851293,4.45785362992463,8.27843959391648e-06,0.000188263906428822
ENSG00000016391.11,89.5971815365273,-1.19238114583149,0.270015058667833,-4.45063137065263,8.56181990438035e-06,0.000194027436414634
ENSG00000160145.16,40.8584877567707,-1.11636196335249,0.249466485663616,-4.44331578140178,8.8583004683513e-06,0.000199332554670459
ENSG00000164761.9,7469.79180015046,-1.09789637628305,0.247724319310443,-4.44124744213836,8.94388765494196e-06,0.000200787135972538
ENSG00000106003.14,15.5335757756203,-1.23421493413737,0.274544672016242,-4.43673504915459,9.13335961447079e-06,0.000204322952775536
ENSG00000070388.12,8.92247812951773,1.28608834806523,0.274897474715266,4.42888454105222,9.47217115073108e-06,0.000211655553964821
ENSG00000025423.11,165.856660269063,-1.18705195132094,0.273326536337765,-4.41180081721248,1.02514400170953e-05,0.000226690435995099
ENSG00000185745.10,241.872708763984,-1.10388444003451,0.251317027763452,-4.40276238339017,1.06881207218929e-05,0.000234991571651527
ENSG00000165891.16,38.3781676545688,-1.10659291652604,0.249149505665026,-4.40237322315116,1.07073157941997e-05,0.000235143938609846
ENSG00000174944.9,20.872393649221,1.14955466311958,0.258127148588757,4.39734909643628,1.09581020615751e-05,0.00024010140882802
ENSG00000102996.5,157.128934297225,1.005913592271,0.229625543071228,4.38061287752214,1.183459658523e-05,0.000257832824695489
ENSG00000149256.16,626.670903037387,-1.0584989361971,0.241934997534791,-4.37963876426392,1.18876203985375e-05,0.000258694050261931
ENSG00000152463.15,6.98961188310095,1.32217796903851,0.271943453691556,4.35964115359057,1.30275898980467e-05,0.000280950453909282
ENSG00000223949.8,19.8065139727539,-1.15692459752101,0.261296947589261,-4.34949776948202,1.36449671654523e-05,0.000292618915543681
ENSG00000278727.1,19.2828771986483,-1.17055040868623,0.264378462879121,-4.34715069349097,1.37917467151123e-05,0.000295106437524702
ENSG00000179862.7,49.458179654947,1.05012182243416,0.242050169181455,4.32479556630614,1.52673379692364e-05,0.000321654289611208
ENSG00000245812.5,108.217533837496,1.05950986218965,0.245641343032119,4.31322286570059,1.608917847233e-05,0.000337855125598587
ENSG00000286214.1,30.456959282147,-1.11793422160037,0.27219635735237,-4.29755326561448,1.72693769948172e-05,0.000360537513018571
ENSG00000233395.2,5.23258253661982,-1.21348414047756,0.263776544744564,-4.28710677080519,1.81015300932905e-05,0.000374775955667997
ENSG00000158813.18,55.3491403466198,1.08063423124399,0.253008383469298,4.26579040092104,1.99195724081606e-05,0.000404982017189029
ENSG00000137880.6,20.9348739789528,1.11306850481343,0.257852082343302,4.26472267745798,2.00150643749651e-05,0.000406492387920372
ENSG00000173110.8,8.55757991654639,-1.24567527138253,0.274939745275848,-4.25872844199832,2.05593046201891e-05,0.00041534561451872
ENSG00000168811.8,37.5965064405678,-1.15968673734532,0.272878515976591,-4.25168784912869,2.12165442843703e-05,0.000427272675441121
ENSG00000138615.6,822.037677334988,1.01315143716777,0.239771197389944,4.23013643059075,2.33549624033733e-05,0.000464001387769401
ENSG00000165495.16,14.7991874483711,-1.17111798123902,0.274228710592561,-4.22389723268234,2.40113572777652e-05,0.000475563782778218
ENSG00000288533.1,11.9328040035918,-1.19565600780639,0.274942620833333,-4.1994509137129,2.67563023849683e-05,0.000521843163097265
ENSG00000138135.7,37.8011641613316,-1.07434854463163,0.253232192248558,-4.19807199948048,2.69197051394353e-05,0.000524123857938096
ENSG00000183496.6,179.373117604323,-1.08716687613105,0.259721710861744,-4.19492429084413,2.72962745895539e-05,0.000529680340517133
ENSG00000100302.7,33.2474926796533,-1.13528762101552,0.270134703101988,-4.19294810420877,2.75352451906067e-05,0.000533238101812436
ENSG00000164619.10,535.054321140537,-1.03864979240985,0.248664525381108,-4.18154132655388,2.89539610151521e-05,0.000556775667585252
ENSG00000123685.9,41.2498347632991,1.12623125444786,0.269861718577702,4.17791913307546,2.94188206910391e-05,0.000564017630288603
ENSG00000220884.2,26.6861398922092,-1.13810770513446,0.271488694535955,-4.17688918573716,2.95522904396499e-05,0.000565445621066834
ENSG00000179388.9,46.9446303324701,-1.10655796894215,0.265139430920025,-4.16636524064121,3.09494704974862e-05,0.000590999251372317
ENSG00000172260.15,1305.52322649472,1.03600118629731,0.250313106651314,4.14728469302603,3.36441609030786e-05,0.000634243709767771
ENSG00000101342.10,10.0167285470747,1.045250403031,0.261356229638622,4.11919005656255,3.80206459103523e-05,0.000710459866855044
ENSG00000156675.16,972.292234274685,1.0349889835233,0.252723513630623,4.10431593122205,4.05512988777275e-05,0.000753342540778867
ENSG00000135604.11,24.9303999284618,1.11227732631227,0.274960688749266,4.08640842605599,4.38102287260887e-05,0.000804530368904763
ENSG00000272341.1,63.6949268512619,-1.02639231666066,0.251025696206786,-4.08210550821704,4.46295261522855e-05,0.0008172275791706
ENSG00000095585.18,28.4467305286079,-1.08546931245014,0.273121990409752,-4.07973300802773,4.50874560965473e-05,0.000823254007888577
ENSG00000282057.1,57.6358281073771,1.07905606918648,0.264659942730694,4.07685549012469,4.56488431996352e-05,0.000831173388597739
ENSG00000130592.17,11.7474448541309,-1.02857253942349,0.262118695133639,-4.07684327557173,4.5651240256281e-05,0.000831173388597739
ENSG00000188916.9,52.8118110240237,1.08083034917519,0.274059906697065,4.06501135303773,4.8030123943649e-05,0.000871176477055476
ENSG00000108387.16,21.2070022594903,1.10596843906391,0.270995642635971,4.05415709610481,5.03153963341098e-05,0.000906622912140558
ENSG00000171509.16,34.810586842586,-1.09579792736217,0.270370329885137,-4.04847727024701,5.15519395511032e-05,0.000924559200256082
ENSG00000285569.4,14.6078729474658,1.11904171274108,0.272970527988758,4.04565473874656,5.21770865781177e-05,0.000933152149137754
ENSG00000162998.5,84.16118074045,1.07386796992579,0.267657230663071,4.03108530285882,5.55198873382158e-05,0.000982850674098129
ENSG00000286282.1,7.27511863124208,-1.17446275167162,0.273696565142363,-4.02676907384326,5.65485203149769e-05,0.000999214959888238
ENSG00000272168.10,115.080946417893,-1.04522534974857,0.260070604155242,-4.0191072684262,5.84190711493946e-05,0.00102847606251257
ENSG00000135917.16,51.1289933519335,1.00126159659185,0.25085748847933,3.98427560531364,6.76862813076528e-05,0.00116803004971226
ENSG00000175489.10,8.42733335538688,-1.0911021709814,0.269185187633262,-3.97660925613005,6.99048889705232e-05,0.00119769127019023
ENSG00000230587.5,20.582238290461,1.0296669261133,0.256150570252443,3.97609774037973,7.00553416922668e-05,0.00119919733118227
ENSG00000272841.1,111.149156194815,-1.07082369663289,0.274734336571585,-3.95976624246935,7.50231624456833e-05,0.00127174542034363
ENSG00000237928.6,11.5307864338731,1.05834661444197,0.269987791904909,3.95440881642608,7.67241249038667e-05,0.00129371585106151
ENSG00000028277.22,32.6651180789494,-1.08503892986566,0.273827194209299,-3.95442847736509,7.67178164893156e-05,0.00129371585106151
ENSG00000197381.18,1899.99111535396,1.04852743666241,0.274375585054376,3.95091021031045,7.78545315215417e-05,0.00130588545785739
ENSG00000254254.7,145.662274680482,1.00255924554876,0.253950422697436,3.94961612712576,7.82766276802264e-05,0.00131181774989974
ENSG00000126803.10,438.153358928905,1.01952699108906,0.271650286204855,3.94442196891362,7.99926949565653e-05,0.00133707057341523
ENSG00000183876.9,177.904736862271,-1.04101970995849,0.26597727173794,-3.92748177122618,8.58399246585985e-05,0.00142734001349059
ENSG00000145569.6,21.8719915592026,1.04039001511278,0.272260855768112,3.92511860821465,8.66870146622023e-05,0.00143892938970021
ENSG00000227268.5,19.1981001306989,-1.03558294445509,0.259243177768466,-3.92517262755085,8.66675632061675e-05,0.00143892938970021
ENSG00000223764.2,24.4602304867615,-1.0512583831781,0.267684530059159,-3.89091853887282,9.98654584977657e-05,0.00162972309349037
ENSG00000183454.18,7.80688510752053,-1.01079672122753,0.25639150269395,-3.89067360994882,9.9966323698345e-05,0.00162972309349037
ENSG00000159713.11,13.088928291881,-1.07190725603473,0.26987932334871,-3.87758763821326,0.000105497330584584,0.00170429566279551
ENSG00000145390.12,8362.39790930294,1.02674749378766,0.274114195153473,3.87652125895242,0.000105960555777388,0.00170855826355263
ENSG00000248187.1,7.71921184484656,1.00437411765882,0.260976353837102,3.86475572731211,0.000111200430585345,0.00178106487483896
ENSG00000286511.1,28.1465472933475,1.03885176369702,0.273915682160357,3.86093256997473,0.000112955075582877,0.00180615071649284
ENSG00000224080.1,8.847878433825,1.0875828530339,0.274774935700289,3.85172471426436,0.000117288831709946,0.00185993505503978
ENSG00000155269.12,12.126233675598,-1.08122666914004,0.27430150564135,-3.85151189868275,0.000117390825113455,0.00186001396617781
ENSG00000203685.11,7.84914387744262,1.04226459699506,0.269120308891978,3.80198793980562,0.000143539715998084,0.0022121731793531
ENSG00000175471.20,155.38031572099,1.02110529910609,0.271403377643319,3.79364514033931,0.000148451790934523,0.00226793291860476
ENSG00000150594.7,39.2071729865392,-1.00865151424016,0.274158183850769,-3.76193357961469,0.000168604828284931,0.00253528766108133
ENSG00000283654.3,11.9541957519571,-1.04853928139228,0.274421855787326,-3.74565703551136,0.000179922256752721,0.00268024048676236
ENSG00000160097.21,14.2534779677135,-1.0137829351743,0.264592805106914,-3.74408362141992,0.000181053351786789,0.00269290524472949
ENSG00000265702.2,5.2114602855955,1.05672497361834,0.257630266390406,3.73784982485973,0.000185600746607941,0.00274351388894946
ENSG00000287255.3,5.59981753202786,1.05040020091805,0.268356848371768,3.6960762833308,0.000218957207675649,0.00314210148619577
ENSG00000168918.14,17.1844749686362,-1.01983066385487,0.273949291321699,-3.69055369213551,0.000223766449082865,0.00319914270083273
ENSG00000128594.8,18.00081131321,-1.00207437070367,0.272411004378066,-3.66815743432944,0.000244304743032585,0.00346356016189557
ENSG00000138483.3,4.34785763632437,1.00991066815072,0.258286205879841,3.5287329533474,0.000417554259027398,0.00541977632509538
